{"cameraMode":{"drawMode":0,"name":"Shaded","section":"Shading Mode"},"sceneLighting":true,"audioPlay":false,"sceneViewState":{"showFog":true,"showMaterialUpdate":false,"showSkybox":true,"showFlares":true,"showImageEffects":true,"showParticleSystems":true,"showVisualEffectGraphs":true},"in2DMode":false,"pivot":{"x":-0.9830261468887329,"y":0.9297885894775391,"z":-6.955426216125488},"rotation":{"x":0.0761442705988884,"y":-0.12350774556398392,"z":0.00950307585299015,"w":0.9893811345100403},"size":3.1773087978363039,"orthographic":false}